{"cameraMode":{"drawMode":0,"name":"Shaded","section":"Shading Mode"},"sceneLighting":true,"audioPlay":false,"sceneViewState":{"m_AlwaysRefresh":false,"showFog":true,"showSkybox":true,"showFlares":true,"showImageEffects":true,"showParticleSystems":true,"showVisualEffectGraphs":true,"m_FxEnabled":true},"in2DMode":false,"pivot":{"x":3.674298048019409,"y":-1.5121842622756959,"z":1.1245954036712647},"rotation":{"x":-0.07771029323339462,"y":0.8944801688194275,"z":-0.17138637602329255,"w":-0.4055804908275604},"size":0.3201562464237213,"orthographic":false}