{"cameraMode":{"drawMode":0,"name":"Shaded","section":"Shading Mode"},"sceneLighting":true,"audioPlay":false,"sceneViewState":{"m_AlwaysRefresh":false,"showFog":true,"showSkybox":true,"showFlares":true,"showImageEffects":true,"showParticleSystems":true,"showVisualEffectGraphs":true,"m_FxEnabled":true},"in2DMode":false,"pivot":{"x":49.74291229248047,"y":-16.472408294677736,"z":2.367380142211914},"rotation":{"x":0.14656302332878114,"y":0.6719701886177063,"z":-0.13817110657691956,"w":0.7126903533935547},"size":33.977725982666019,"orthographic":false}