{"cameraMode":{"drawMode":0,"name":"Shaded","section":"Shading Mode"},"sceneLighting":true,"audioPlay":false,"sceneViewState":{"m_AlwaysRefresh":false,"showFog":true,"showSkybox":true,"showFlares":true,"showImageEffects":true,"showParticleSystems":true,"showVisualEffectGraphs":true,"m_FxEnabled":true},"in2DMode":false,"pivot":{"x":15.442159652709961,"y":1.3912014961242676,"z":-1.034287691116333},"rotation":{"x":-0.06194182485342026,"y":-0.6752793788909912,"z":0.057047560811042789,"w":-0.7327688932418823},"size":14.909785270690918,"orthographic":false}