{"cameraMode":{"drawMode":0,"name":"Shaded","section":"Shading Mode"},"sceneLighting":true,"audioPlay":false,"sceneViewState":{"m_AlwaysRefresh":false,"showFog":true,"showSkybox":false,"showFlares":true,"showImageEffects":true,"showParticleSystems":true,"showVisualEffectGraphs":true,"m_FxEnabled":true},"in2DMode":false,"pivot":{"x":11.645792961120606,"y":4.2971086502075199,"z":1.6148697137832642},"rotation":{"x":0.06417401134967804,"y":0.6998014450073242,"z":-0.06336581707000733,"w":0.7086317539215088},"size":9.70468521118164,"orthographic":false}